0,10103,./mirflickr/im10103.jpg,"['la', 'ca', 'guitar', 'color', 'pink', 'green', 'colorful', 'orange', 'red', 'blue', 'white', 'brown', 'music', 'instrument', 'mexico', 'flag', 'sell', 'sale', 'vendor', 'market']"
1,10109,./mirflickr/im10109.jpg,"['friendship', 'kids', 'buddies', 'pals', 'happy', 'emotions', 'feelings', 'cherish', 'memories', 'construction', 'site', 'faces', 'people', 'world', 'cold', 'desert', 'life', 'challenges', 'gift', 'traveler', 'biker', 'challenger', 'photographer', '2007', 'september', 'india', 'smiles', 'workers', 'labour', 'harsh', 'poor', 'tough', 'weather', 'conditions']"
2,10113,./mirflickr/im10113.jpg,"['piano', 'keys', 'notes', 'colour', 'rainbow', 'bright', 'line', 'perspective', 'row', 'chocolate', 'black', 'white', 'orange', 'yellow', 'green', 'blue', 'brown', 'red', 'candy', 'sweets', 'sweet', 'dotted']"
3,10180,./mirflickr/im10180.jpg,"['art', 'square', 'script', 'calligraphy', 'architecture', 'ceramic', 'tiles', 'mosaic', 'blue', 'yellow', 'imam', 'shah', 'mosque', 'graphics', 'pixel', 'pointed', 'arch', 'vault', 'building', 'maison']"
4,10479,./mirflickr/im10479.jpg,"['road', 'winter', 'sunset', 'fields', 'grass', 'mountains', 'snow', 'clouds', 'beautiful', 'pretty', 'colorful', 'fresh', 'dream', 'photo', 'photograph', 'photography', 'professional', 'technique', 'dynamic', 'world', 'fabulous', 'gorgeous', 'engaging', 'charming', 'stunning', 'art', 'divine', 'light', 'travel', 'foreign', 'international']"
5,10539,./mirflickr/im10539.jpg,"['public', '2007', 'phones', 'red', 'yellow', 'green', 'hotel', 'art', 'sign', 'telephones', 'machine', 'machinery', 'apparatus', 'structure', 'building', 'architecture', 'architectural', 'detail', 'interior', 'weird', 'odd', 'city', 'urban', 'head', 'centered', 'abstract', 'phone', 'telephone', 'design', 'decorating']"
6,10589,./mirflickr/im10589.jpg,"['going', 'mad', 'bulbs', 'nod', 'toy', 'green', 'grim', 'dark', 'light', 'inside', 'darkness', 'work', 'boredom', 'pink', 'paper', 'digital', 'electrical', 'night', 'torture', 'sunshine', 'buddies', 'solar', 'flower', 'power', 'saving', 'lamp', 'atmosphere', 'sterile']"
7,10668,./mirflickr/im10668.jpg,"['dome', 'architecture', 'sheikh', 'mosque', 'ceramic', 'tiles', 'yellow', 'gold', 'blue', 'turquoise', 'pattern', 'drum', 'religious', 'monument', 'world', 'heritage', 'site', 'shah', 'floral', 'calligraphy', 'lattice', 'window', 'imam', 'square', 'building', 'maison']"
8,1069,./mirflickr/im1069.jpg,"['storm', 'stormy', 'weather', 'clouds', 'cloud', 'sky', 'tree', 'trees', 'sun', 'sunlight', 'sunset', 'storming', 'rain', 'silhouette', 'beaming', 'beam', 'nature', 'beautiful', 'photography', 'red', 'mist', 'explore']"
9,10733,./mirflickr/im10733.jpg,"['mirror', 'double', 'layer', 'nature', 'natural', 'landscape', 'blue', 'deep', 'stunning', 'majestic', 'superb', 'wild', 'reflection', 'village', 'spectacular', 'india', 'travel', 'traveller', 'biker', 'trek', 'challenge', 'best', 'interesting', 'explore', 'creative']"
10,10976,./mirflickr/im10976.jpg,"['india', 'tomb', 'grave', 'dead', 'mausoleum', 'death', 'architecture', 'beautiful', 'pretty', 'colorful', 'fresh', 'dream', 'photo', 'photograph', 'photography', 'professional', 'technique', 'dynamic', 'world', 'fabulous', 'gorgeous', 'engaging', 'charming', 'stunning', 'art', 'divine', 'light', 'travel', 'foreign', 'international']"
11,10987,./mirflickr/im10987.jpg,"['camera', 'motorcycle', 'india', 'traveler', 'traveling', 'mountains', 'hills', 'biker', 'challenger', 'enthusiast', 'explore', 'road', 'down', 'sky', 'blue', 'deep', 'remote', 'interesting', 'brave', 'people', 'thanks', 'all', 'rider', 'majestic', 'wow', 'endless', 'journey', 'walk', 'love']"
12,11008,./mirflickr/im11008.jpg,"['children', 'child', 'kid', 'kids', 'boy', 'boys', 'girl', 'girls', 'risk', 'community', 'social', 'poverty', 'impoverished', 'underprivileged', 'hope', 'development', 'prevention', 'support', 'altruism', 'light', 'window', 'siblings']"
13,11070,./mirflickr/im11070.jpg,"['historic', 'forties', '40s', '1940s', 'classic', 'professional', 'homefront', 'documentary', 'propaganda', 'history', 'anthropology', 'film', 'museum', 'photographer', 'wartime', 'archives', 'us', 'patriotic', 'patriotism', 'vintage']"
14,11138,./mirflickr/im11138.jpg,"['wicked', 'engine', 'motors', 'customs', 'rods', 'wild', 'car', 'classics', 'speed', 'fast', 'faster', 'chrome', 'flames', 'mechanic', 'metal', 'fabrication', 'fabricate', 'shine', 'polish', 'reflections', 'pro']"
15,112,./mirflickr/im112.jpg,"['flower', 'macro', 'petals', 'closeup', 'colours', 'digital', 'environment', 'flora', 'flowers', 'garden', 'green', 'leaves', 'india', 'nature', 'stem', 'pollen', 'plants', 'bud', 'honey', 'bloom', 'aroma', 'google', 'bee', 'biology', 'red']"
16,11213,./mirflickr/im11213.jpg,"['wicked', 'engine', 'motors', 'customs', 'rods', 'wild', 'car', 'classics', 'speed', 'fast', 'faster', 'chrome', 'flames', 'mechanic', 'metal', 'fabrication', 'fabricate', 'shine', 'polish', 'reflections']"
17,1122,./mirflickr/im1122.jpg,"['public', 'sycamore', '2008', 'farm', 'clouds', 'light', 'rays', 'barn', 'field', 'trees', 'manipulation', 'blended', 'agriculture', 'agricultural', 'farming', 'rural', 'scenery', 'landscape', 'structures', 'buildings', 'shed', 'travel', 'road', 'trip', 'country', 'countryside', 'cloudy', 'overcast', 'gray', 'cloud', 'sky', 'skies']"
18,1127,./mirflickr/im1127.jpg,"['curtains', 'video', 'under', 'ultra', 'temporal', 'time', 'still', 'slow', 'red', 'rainbow', 'photograph', 'photo', 'painting', 'nontraditional', 'motion', 'lights', 'illusion', 'form', 'fluid', 'evolve', 'evolution', 'emergent', 'decor', 'content', 'contemporary', 'colorful', 'change', 'artwork', 'art', 'ambient', 'abstract', 'favorites', 'urban', 'city', 'moving', 'image', 'images']"
19,11373,./mirflickr/im11373.jpg,"['grand', 'canyon', 'sunset', 'natural', 'nature', 'sun', 'light', 'clouds', 'rain', 'hill', 'cliff', 'wall', 'warmth', 'landscape', 'colors', 'blue', 'red', 'brown', 'peaceful', 'ancient', 'stunning', 'view', 'vista', 'storm', 'park', 'rock', 'dirt', 'old', 'shadow']"
20,11543,./mirflickr/im11543.jpg,"['abandoned', 'house', 'fall', 'tree', 'dilapidated', 'deteriorating', 'explore', '15', 'deserted', 'forsaken', 'discarded', 'forgotten', 'abused', 'disused', 'neglected', 'farm', 'rural', 'home', 'family', 'eerie']"
21,11596,./mirflickr/im11596.jpg,"['children', 'child', 'kid', 'kids', 'boy', 'boys', 'community', 'hope', 'social', 'risk', 'development', 'prevention', 'education', 'educational', 'support', 'altruism', 'poverty', 'impoverished', 'underprivileged', 'light', 'dark', 'thoughts', 'thinking', 'weekend', 'peaceful', 'peace']"
22,12166,./mirflickr/im12166.jpg,"['church', 'religion', 'eve', 'beautiful', 'pretty', 'colorful', 'fresh', 'dream', 'photo', 'photograph', 'photography', 'professional', 'technique', 'dynamic', 'world', 'fabulous', 'gorgeous', 'engaging', 'charming', 'stunning', 'art', 'divine', 'light', 'travel', 'foreign', 'international']"
23,12299,./mirflickr/im12299.jpg,"['dice', 'laser', 'green', 'closeup', 'macro', 'magic', 'magical', 'rebel', 'digital', '4', 'close', 'up', 'filter', 'license', 'glowing', 'reflect', 'power', 'geek', 'is', 'dungeons', 'dragons', 'game']"
24,12774,./mirflickr/im12774.jpg,"['tropical', 'paradise', 'pacific', 'travel', 'tourism', 'destination', 'destinations', 'vacation', 'sunset', 'dusk', 'ocean', 'view', 'sea', 'coast', 'coastal', 'resort', 'hotel', 'restaurant', 'spa', 'water', 'lagoon', 'lake', 'palm', 'voyage']"
25,12955,./mirflickr/im12955.jpg,"['2007', 'pumpkin', 'bicycle', 'tree', 'barrel', 'yellow', 'orange', 'street', 'fall', 'autumn', 'art', 'sculpture', 'statue', 'nature', 'flora', 'fruit', 'vegetable', 'garden', 'gardening', 'agriculture', 'agricultural', 'holiday', 'display', 'farm', 'rural', 'produce', 'public']"
26,12987,./mirflickr/im12987.jpg,"['wicked', 'engine', 'motors', 'customs', 'rods', 'wild', 'car', 'classics', 'speed', 'fast', 'faster', 'chrome', 'flames', 'mechanic', 'metal', 'fabrication', 'fabricate', 'shine', 'polish', 'reflections', 'zoom', 'stage', 'top', 'fuel', 'pro']"
27,13288,./mirflickr/im13288.jpg,"['spirituality', 'spiritual', 'soul', 'meditation', 'teachers', 'monk', 'nun', 'creative', 'photo', 'beauty', 'beautiful', 'peace', 'trip', 'travel', 'red', 'india', 'blue', 'friends', 'people', 'color', 'art', 'digital', 'nomad', 'nature', 'portrait', 'fine', 'abstract', 'vacation', 'fun', 'health', 'love', 'family', 'life', 'feed', 'play']"
28,13381,./mirflickr/im13381.jpg,"['capitol', 'building', 'national', 'mall', 'memorial', 'monuments', 'architecture', 'neoclassical', 'district', 'downtown', 'monument', 'congress', 'senate', 'house', 'congressmen', 'politics', 'political', 'united', 'states', 'northwest', 'southeast', 'northeast', 'southwest', 'columns', 'statues', 'archives', 'night']"
29,13387,./mirflickr/im13387.jpg,"['oregon', 'coast', 'sea', 'ocean', 'cliff', 'homes', 'houses', 'beach', 'sand', 'wow', 'west', 'waves', 'wave', 'water', 'view', 'unusual', 'terrific', 'surf', 'shore', 'scenery', 'scenic', 'rocks', 'perspective', 'nice', 'nature', 'landscape', 'interesting', 'gorgeous', 'geology', 'coastline', 'cliffs', 'beautiful', 'alpha']"
30,13623,./mirflickr/im13623.jpg,"['gun', 'firearm', 'weapon', 'la', 'fire', 'bullet', 'table', 'wood', 'lead', 'grip', 'safety', 'rights', 'civil', 'second', 'amendment', 'militant', 'protest', 'war', 'bush', 'cartridge', 'shell', 'liberty', 'us', '2nd', 'democracy', 'law', 'founders']"
31,13677,./mirflickr/im13677.jpg,"['antiwar', '2007', 'peace', 'war', 'veteran', 'violent', 'freedom', 'answer', 'street', 'riots', 'rally', 'protest', 'politics', 'police', 'fear', 'fascism', 'demonstration', 'bush', 'art', 'activist', 'september']"
32,13687,./mirflickr/im13687.jpg,"['children', 'child', 'kid', 'kids', 'girl', 'girls', 'risk', 'community', 'social', 'poverty', 'impoverished', 'underprivileged', 'hope', 'development', 'prevention', 'support', 'altruism', 'light', 'portrait', 'beauty', 'angels', 'education', 'educational', 'change', 'youth', 'leaders', 'leadership', 'entrepreneurship', 'wings']"
33,13791,./mirflickr/im13791.jpg,"['august', '2007', 'sunset', 'clouds', 'sky', 'orange', 'blue', 'big', 'nature', 'natural', 'beautiful', 'beauty', 'sublime', 'majestic', 'serene', 'dusk', 'evening', 'cloud', 'skies', 'scenery', 'abstract', 'light', 'lighting', 'public']"
34,13848,./mirflickr/im13848.jpg,"['sunset', 'ca', 'ocean', 'sea', 'water', 'orange', 'sun', 'travel', 'west', 'reflections', 'mare', 'pacific', 'deep', 'fog', 'september', 'fall', 'autumn', 'ciel', 'rouge', 'septembre']"
35,13993,./mirflickr/im13993.jpg,"['oregon', 'flowers', 'yard', 'plants', 'plant', 'pink', 'nice', 'landscape', 'growing', 'gorgeous', 'bloom', 'beach', 'artistic', 'wow', 'scenic', 'pretty', 'nature', 'garden', 'flower', 'colorful', 'color', 'coast', 'beautiful', 'alpha']"
36,14044,./mirflickr/im14044.jpg,"['vintage', 'primitive', 'old', 'decor', 'tins', 'kitchen', 'fall', 'advertising', 'soda', 'decorating', 'salt', 'art', 'house', 'tin', 'ideas', 'idea', 'red', 'antique', 'flag', 'candy', 'corn', 'puzzle', 'country', 'shadow', 'box']"
37,14096,./mirflickr/im14096.jpg,"['house', 'home', 'holiday', 'clock', 'watch', 'morning', 'indoor', 'stairs', 'scale', 'door', 'tv', 'television', 'kitchen', 'table', 'wall', 'white', 'coffee', 'eating', 'breakfast', 'architecture', 'chairs', 'light', 'loft', 'explore']"
38,14238,./mirflickr/im14238.jpg,"['temple', 'visitors', 'center', 'saint', 'prophet', 'r', 'ford', 'w', 'walker', 'bush', 'sir', 'earl', 'president', 'us', 'prime', 'minister', 'family', 'chart', 'john', 'history']"
39,1430,./mirflickr/im1430.jpg,"['witty', 'lagoon', 'island', 'mountain', 'range', 'state', 'sand', 'beach', 'play', 'fun', 'ocean', 'water', 'wave', 'waves', 'mountains', 'cloud', 'clouds', 'lighthouse', 'hike', 'hiking', 'forest', 'trail', 'picnic']"
40,14400,./mirflickr/im14400.jpg,"['ocean', 'park', 'party', 'people', 'photos', 'portrait', 'red', 'river', 'rock', 'san', 'sea', 'show', 'sky', 'snow', 'spring', 'street', 'summer', 'sun', 'sunset', 'tour', 'travel', 'tree', 'trees', 'trip', 'urban', 'vacation', 'archie', 'coin', 'king', 'world', 'religion', 'war', 'greed', 'dark', 'art', 'fruits', 'black', 'fun', 'god', 'devil', 'hell', 'one', 'smoke']"
41,14618,./mirflickr/im14618.jpg,"['children', 'child', 'kid', 'kids', 'girl', 'girls', 'streets', 'community', 'hope', 'social', 'development', 'poverty', 'impoverished', 'underprivileged', 'prevention', 'education', 'educational', 'outreach', 'support', 'altruism', 'change', 'smile', 'smiling', 'eyes']"
42,14670,./mirflickr/im14670.jpg,"['september', '2007', 'locomotive', 'train', 'engine', 'railroad', 'railway', 'station', 'powerful', 'mighty', 'black', 'gray', 'purple', 'public', 'equipment', 'machine', 'machinery', 'apparatus', 'locomotives', 'engines', 'steam', 'old', 'antique', 'classic', 'historic', 'history', 'commerce', 'commercial', 'business', 'industry', 'industrial', 'power', 'might', 'strong', 'grand', 'majestic', 'serene', 'glorious', 'beautiful', 'beauty', 'sublime', 'shiny', 'metal', 'metallic']"
43,14806,./mirflickr/im14806.jpg,"['07', 'horse', 'nature', 'postcard', 'image', 'camera', 'icon', 'images', 'photo', 'photography', 'photographer', 'photograph', 'world', 'digital', 'pixel', 'saturated', 'luck', 'lucky', 'surprise', 'find', 'search', 'original']"
44,14812,./mirflickr/im14812.jpg,"['elements', 'oregon', '2007', 'question', 'words', 'writing', 'handwriting', 'hand', 'written', 'where', 'would', 'i', 'be', 'without', 'my', 'god', 'rock', 'rocks', 'gravel', 'walkway', 'outside', 'ground', 'beautiful', 'wow', 'great', 'wonderful', 'explore']"
45,14890,./mirflickr/im14890.jpg,"['sunset', 'sun', 'trees', 'fog', 'skyline', 'afternoon', 'fire', 'test', 'hot', 'planet', 'star', 'orange', 'red', 'black', 'shadow', 'zoom', 'digital', 'sunrise', 'space', 'universe', 'astronomy', 'sky', 'ciel', 'clouds', 'moments', 'explore']"
46,14911,./mirflickr/im14911.jpg,"['mood', 'bad', 'me', 'myself', 'i', 'gray', 'brown', 'sitting', 'tie', 'necktie', 'diagonal', 'pattern', 'bored', 'frustrated', 'mandarin', 'dress', 'shirt', 'collar', 'lights', 'overhead', 'behind', 'eyes', 'ears', 'nose', 'chin', 'face', 'self', 'hotel', 'inside', 'hot', 'conference', 'hair', 'explore', 'brows', 'portrait', 'people']"
47,15225,./mirflickr/im15225.jpg,"['me', 'beard', 'tie', 'suit', 'hat', 'flair', 'moustache', 'mustache', 'intense', 'peer', 'stare', 'look', 'hairy', 'wings', 'weird', 'odd', 'funny', 'tweed', 'red', 'ginger', 'portrait', 'man', 'face', 'head']"
48,15580,./mirflickr/im15580.jpg,"['resort', 'southern', 'orange', 'county', 'theme', 'park', 'adventure', 'jeep', 'temple', 'forbidden', 'eye', 'night', 'queue', 'thrill', 'ride', 'travel', 'tourism', 'destinations', 'destination', 'dreams', 'tropical', 'voyage']"
49,15613,./mirflickr/im15613.jpg,"['bee', 'nature', 'macro', 'pollen', 'cool', 'awesome', 'digital', 'light', 'speed', 'manual', 'shot', 'shoot', 'long', 'fast', '2007', 'day', 'exposure', 'explorer', 'rebel', 'kiss', 'x', 'raw']"
50,15766,./mirflickr/im15766.jpg,"['cheap', 'stupid', 'fat', 'sad', 'snacks', 'big', 'baby', 'jesus', 'aka', 'dirt', 'rap', 'marketing', 'consumer', 'says', 'think', 'responsibly', 'annoying', 'lots', 'store', '280', 'river', 'road']"
51,15905,./mirflickr/im15905.jpg,"['wildlife', 'wilderness', 'pretty', 'plains', 'outdoors', 'nature', 'native', 'mothers', 'kids', 'exciting', 'elephants', 'cute', 'curious', 'colorful', 'closeup', 'children', 'calf', 'beautiful', 'baby', 'babies', 'animals']"
52,16013,./mirflickr/im16013.jpg,"['baby', 'adorable', 'cavalier', 'cute', 'cutest', 'delicious', 'dog', 'dogs', 'king', 'precious', 'lovable', 'sweet', 'puppies', 'snow', 'ice', 'cold', 'face', 'nose', 'eyes', 'sweetheart']"
53,1607,./mirflickr/im1607.jpg,"['ambient', 'art', 'video', 'fluid', 'still', 'painting', 'motion', 'ultra', 'slow', 'photo', 'photograph', 'long', 'change', 'nontraditional', 'content', 'emergent', 'form', 'evolution', 'evolve', 'artwork', 'favorites', 'urban', 'city', 'moving', 'image', 'images']"
54,1629,./mirflickr/im1629.jpg,"['strange', 'fruit', 'banana', 'red', 'hot', 'weird', 'impossible', 'menu', 'food', 'bizarre', 'surreal', 'art', 'meal', 'vegetable', 'yellow', 'silly', 'crazy', 'surrealist', 'fun', 'color', 'concept', 'creative']"
55,16311,./mirflickr/im16311.jpg,"['vans', 'warped', 'tour', '2007', 'field', 'bowl', 'united', 'states', 'more', 'lucky', '13', 'main', 'stage', 'vocalist', 'singer', 'young', 'band', 'riot', 'cab', 'amp', 'amps', 'black', 'white', 'shirt', 'yellow', 'trousers', 'runners', 'trainers', 'shoes', 'crowd', 'hair', 'microphone']"
56,16335,./mirflickr/im16335.jpg,"['architecture', 'business', 'school', 'ceiling', 'lift', 'elevator', 'glass', 'tube', 'detail', 'atrium', 'award', '2006', 'building', 'reflection', 'circle', 'circular', 'house', 'modern', 'modernist', 'abstract', 'maison']"
57,1645,./mirflickr/im1645.jpg,"['ambient', 'art', 'video', 'fluid', 'still', 'painting', 'motion', 'skyline', 'ultra', 'slow', 'photo', 'photograph', 'long', 'dusk', 'night', 'change', 'architecture', 'nontraditional', 'content', 'emergent', 'form', 'artwork', 'favorites', 'urban', 'city', 'downtown', 'cities', 'moving', 'image', 'images']"
58,1660,./mirflickr/im1660.jpg,"['fleet', 'air', 'arm', '2', 'rebel', 'digital', 'us', 'aerobatics', 'trainer', 'world', 'imperial', 'piston', 'ii', 'flying', 'flight', 'fighter', 'engine', 'east', 'war', 'united', 'show', 'royal', 'plane', 'old', 'museum', 'military', 'kingdom', 'force', 'english', 'display', 'aircraft', 'spring', '2008']"
59,16633,./mirflickr/im16633.jpg,"['july', '2007', 'rural', 'country', 'agriculture', 'agricultural', 'farm', 'antique', 'classic', 'historic', 'history', 'historical', 'light', 'lighting', 'scenery', 'landscape', 'texture', 'structure', 'building', 'barn', 'shed', 'house', 'home', 'blue', 'sky', 'clouds', 'rust', 'lake', 'sea', 'water', 'shore', 'wow', 'beautiful', 'old', 'decay', 'empty', 'abandoned', 'alone', 'lonely', 'solitary', 'sad', 'melancholy', 'summer', 'road', 'trip', 'sunny', 'clear', 'fair', 'wood', 'wooden', 'frame', 'siding', 'public']"
60,16867,./mirflickr/im16867.jpg,"['auto', 'show', 'convention', 'center', 'truck', 'cars', 'monsters', 'concept', 'bmw', 'chevy', 'ford', 'ca', 'cool', 'tires', 'rims', 'pimps', 'dodge', 'shine', 'models', 'concepts', 'new', 'jeep', 'grand', 'brand', 'trucks', 'closeup', 'sport', 'diesel']"
61,16888,./mirflickr/im16888.jpg,"['july', '2007', 'fog', 'house', 'man', 'fisherman', 'fishing', 'beach', 'flora', 'tree', 'trees', 'forest', 'woods', 'plant', 'plants', 'people', 'scenery', 'landscape', 'water', 'sea', 'ocean', 'structure', 'building', 'home', 'mansion', 'gray', 'public']"
62,17249,./mirflickr/im17249.jpg,"['2006', 'mexico', 'fun', 'party', 'music', 'dancing', 'rap', 'marching', 'sunshine', 'summer', 'event', 'parade', 'festival', 'costumes', 'flags', 'silver', 'red', 'blue', 'green', 'whistle', 'noise', 'explore']"
63,17381,./mirflickr/im17381.jpg,"['wicked', 'engine', 'motors', 'customs', 'rods', 'wild', 'car', 'classics', 'speed', 'fast', 'faster', 'chrome', 'flames', 'mechanic', 'metal', 'fabrication', 'fabricate', 'shine', 'polish', 'reflections']"
64,17881,./mirflickr/im17881.jpg,"['children', 'child', 'kid', 'kids', 'boy', 'boys', 'risk', 'community', 'hope', 'social', 'development', 'prevention', 'education', 'educational', 'support', 'altruism', 'change', 'eye', 'eyes', 'reflections', 'mirror', 'blue']"
65,18001,./mirflickr/im18001.jpg,"['horses', 'wild', 'horse', 'stampede', 'running', 'dust', 'portfolio', 'portfolios', 'beautiful', 'pretty', 'colorful', 'fresh', 'dream', 'photo', 'photograph', 'photography', 'professional', 'technique', 'dynamic', 'world', 'fabulous', 'gorgeous', 'engaging', 'charming', 'stunning', 'art', 'divine', 'light', 'travel', 'foreign', 'international']"
66,18053,./mirflickr/im18053.jpg,"['love', 'hate', 'frame', 'portrait', 'couple', 'black', 'white', 'woman', 'stained', 'shadow', 'reflection', 'reflected', 'me', 'inertia', 'her', 'glass', 'girl', 'framed', 'dark', 'broken', 'kiss', 'kissing', 'hugging', 'hug', 'split', 'breakup', 'feelings', 'sad', 'miss']"
67,18066,./mirflickr/im18066.jpg,"['skate', 'series', 'competition', 'contest', 'park', 'city', 'advanced', 'intermediate', 'quick', 'fast', 'board', 'wheels', 'deck', 'truck', 'trucks', 'nuts', 'bolts', 'stairs', 'rails', 'people', 'crowd', 'trick', 'tricks']"
68,18105,./mirflickr/im18105.jpg,"['children', 'child', 'kid', 'kids', 'girl', 'girls', 'community', 'hope', 'social', 'poverty', 'impoverished', 'underprivileged', 'culture', 'cultural', 'development', 'prevention', 'education', 'educational', 'vision', 'progress', 'art', 'arts', 'paint', 'painting', 'change']"
69,18219,./mirflickr/im18219.jpg,"['2007', 'flower', 'orange', 'filament', 'yellow', 'closeup', 'macro', 'flora', 'garden', 'gardening', 'yard', 'nature', 'natural', 'texture', 'dreamy', 'summer', 'flowers', 'blossoms', 'plant', 'plants', 'wild', 'wildflowers', 'wildflower', 'red', 'gardens', 'peaceful', 'public']"
70,18239,./mirflickr/im18239.jpg,"['heavy', 'aviation', 'jet', 'plane', 'airplane', 'landing', 'freighter', 'freight', 'express', 'three', 'overnight', 'morning', 'sunrise', 'early', 'short', 'final', 'runway', 'blue', 'purple', 'orange', 'gear', 'commercial']"
71,18307,./mirflickr/im18307.jpg,"['children', 'child', 'kid', 'kids', 'boy', 'boys', 'girl', 'girls', 'community', 'hope', 'social', 'risk', 'development', 'prevention', 'education', 'educational', 'support', 'altruism', 'poverty', 'impoverished', 'underprivileged', 'thoughts', 'thoughtful', 'thinking', 'peaceful', 'peace', 'relax', 'relaxation', 'relaxing', 'help', 'paint', 'painting', 'light', 'concentration', 'concentrated', 'change']"
72,18343,./mirflickr/im18343.jpg,"['your', 'sleep', 'wanted', 'try', 'out', 'new', 'bed', 'she', 'was', 'very', 'comfortable', 'soon', 'took', 'nap', 'copyright', '2007', 'please', 'contact', 'named', 'after', 'queen', 'explore', '252']"
73,18462,./mirflickr/im18462.jpg,"['orange', 'blue', 'water', 'waves', 'beak', 'bright', 'colours', 'color', 'wet', 'dye', 'toy', 'bath', 'happy', 'cute', 'underwater', 'float', 'quack', 'shiny', 'macro', 'swim', 'bob', 'yellow', 'plastic', 'bird', 'fowl']"
74,18561,./mirflickr/im18561.jpg,"['couple', 'watching', 'binoculars', 'relax', 'holiday', 'race', 'war', 'travel', 'trip', 'vivid', 'explore', '2007', 'people', 'beach', 'seashore', 'vacation', 'cinematic', 'island', 'explored', 'night', 'human']"
75,18609,./mirflickr/im18609.jpg,"['canal', 'old', 'round', 'circle', 'tunnel', 'men', 'man', 'bench', 'sitting', 'relax', 'saturday', 'good', 'life', 'tree', 'spring', 'summer', 'chill', 'boat', 'house', 'housing', 'bridge', 'green']"
76,18672,./mirflickr/im18672.jpg,"['wicked', 'engine', 'motors', 'customs', 'rods', 'wild', 'car', 'classics', 'speed', 'fast', 'faster', 'chrome', 'flames', 'mechanic', 'metal', 'fabrication', 'fabricate', 'shine', 'polish', 'reflections']"
77,1871,./mirflickr/im1871.jpg,"['lost', 'gardens', 'apollo', 'time', 'lapse', 'photography', 'fast', 'motion', 'day', 'cycle', 'atmospheric', 'rendering', 'emotional', 'technology', 'beauty', 'vignette', 'still', 'pictures', 'accelerate', 'sunset', 'skies', 'clouds', 'sky', 'cloud', 'trees', 'tree', 'boat', 'shiny', 'ripple', 'water']"
78,18732,./mirflickr/im18732.jpg,"['greater', 'christian', 'academy', 'computer', 'lab', 'based', 'technology', 'center', 'students', 'school', 'computers', 'boy', 'girls', 'teens', 'education', 'monitors', 'class', 'penguins', 'blue', 'wall', 'research', 'internet', 'network', 'academics', 'resource', 'laboratory', 'media', 'room', 'classroom', 'learning']"
79,1879,./mirflickr/im1879.jpg,"['french', 'singer', 'hip', 'pop', 'electronic', 'live', 'concert', 'smells', 'like', 'teen', 'spirit', 'red', 'opera', 'house', 'queen', 'street', 'village', 'digital', 'rebel', 'explore']"
80,19134,./mirflickr/im19134.jpg,"['2007', 'bug', 'nature', 'natural', 'small', 'tiny', 'little', 'ugly', 'summer', 'animal', 'animals', 'fauna', 'bugs', 'insects', 'closeup', 'macro', 'texture', 'brown', 'sharp', 'focus', 'garden', 'museum', 'forest', 'woods', 'forests', 'public']"
81,19366,./mirflickr/im19366.jpg,"['baby', 'adorable', 'cavalier', 'cute', 'cutest', 'delicious', 'dog', 'dogs', 'king', 'precious', 'lovable', 'sweet', 'puppies', 'snow', 'ice', 'cold', 'face', 'nose', 'eyes', 'sweetheart']"
82,19453,./mirflickr/im19453.jpg,"['2007', '07', 'us', 'travel', 'trip', 'art', 'images', 'image', 'photo', 'photograph', 'digital', 'artistic', 'processed', 'fantastic', 'great', 'awesome', 'super', 'camera', 'wonderful', 'perfect', 'landscape', 'superb', 'picture', 'pictures', 'photos', 'photographs']"
83,19555,./mirflickr/im19555.jpg,"['aberration', 'absolute', 'abstract', 'admirable', 'affinity', 'align', 'ambient', 'attention', 'bedroom', 'blur', 'chamber', 'conceptual', 'desolation', 'dissipation', 'dominion', 'flexible', 'homeland', 'indoor', 'irresistible', 'minimal', 'subjective', 'arrival', 'answers', 'evident', 'interpretation', 'perceptual', 'imagination', 'adorable', 'accuracy', 'catalyst']"
84,19678,./mirflickr/im19678.jpg,"['bag', 'laptop', 'cards', 'keys', 'phone', 'mobile', 'cables', 'book', 'tickets', 'passport', 'notes', 'notebook', 'pens', 'money', 'sterling', 'coins', 'wallet', 'sunglasses', 'glasses', 'infrared', 'floor']"
85,19809,./mirflickr/im19809.jpg,"['clients', '2006', 'recycling', 'agriculture', 'arm', 'backhoe', 'build', 'building', 'bulldozer', 'claws', 'clearing', 'construct', 'construction', 'contractor', 'development', 'dig', 'digging', 'dredging', 'earth', 'earthmover', 'engineer', 'equipment', 'excavating', 'excavation', 'excavator', 'expansion', 'farming', 'gear', 'ground', 'industrial', 'industry', 'machine', 'machinery', 'mining', 'mover', 'orange', 'plant', 'quarry', 'scoop', 'shovel', 'site', 'teeth', 'track', 'tracks', 'work', 'workforce', 'working']"
86,19936,./mirflickr/im19936.jpg,"['action', 'dog', 'animal', 'black', 'white', 'bin', 'b', 'w', 'flash', 'game', '1', '2', '3', '4', '5', '6', '7', '8', '9', '10', '32', 'wow', 'amazing', 'amusing', 'great', 'shadow', 'shadows', 'home', 'house', 'may', 'july', 'spring', 'animals', 'color', 'colors', 'grey', 'day', 'fun', 'summer', 'urban', 'nose', 'interesting', 'explore', 'select', 'best']"
87,20040,./mirflickr/im20040.jpg,"['light', 'lights', 'unique', 'creative', 'original', 'art', 'show', 'work', 'job', 'colors', 'colours', 'color', 'colour', 'colorful', 'close', 'up', 'closeup', 'macro', 'background', 'backgrounds', '2006', '07', '2007', 'yellow', 'black', 'design', 'symmetrical', 'symmetry', 'alike', 'square', 'squares', 'shape', 'shapes', 'various', 'miscellaneous']"
88,20062,./mirflickr/im20062.jpg,"['2', '2nd', 'second', 'riot', 'demonstration', 'peace', 'pace', 'bush', 'rice', 'united', 'kingdom', 'protest', 'poverty', '3rd', 'world', 'war', 'summit', 'saturday', 'interesting', 'explore', 'favorite', 'popular', 'action']"
89,20109,./mirflickr/im20109.jpg,"['baby', 'adorable', 'cavalier', 'cute', 'cutest', 'delicious', 'dog', 'dogs', 'king', 'precious', 'lovable', 'sweet', 'puppies', 'snow', 'ice', 'cold', 'face', 'nose', 'eyes', 'sweetheart']"
90,20122,./mirflickr/im20122.jpg,"['temple', 'tree', 'roots', 'ruin', 'monk', 'religion', 'tomb', 'abandoned', 'eerie', 'scary', 'dark', 'architecture', 'portfolio', 'portfolios', 'beautiful', 'pretty', 'colorful', 'fresh', 'dream', 'photo', 'photograph', 'photography', 'professional', 'technique', 'dynamic', 'world', 'fabulous', 'gorgeous', 'engaging', 'charming', 'stunning', 'art', 'divine']"
91,20133,./mirflickr/im20133.jpg,"['wedding', 'family', 'vacation', 'holiday', 'casino', 'hotel', 'dam', 'water', 'river', 'lake', 'colorado', 'aerial', 'grand', 'canyon', 'rock', 'stone', 'ridges', 'sunrise', 'nature', 'amazing', 'explore']"
92,20175,./mirflickr/im20175.jpg,"['skyline', 'traveler', 'aerial', 'view', 'love', 'emotion', 'honor', 'light', 'dark', 'dream', 'adventure', 'retrospect', 'journey', 'reflection', 'fountain', 'wisdom', 'solace', 'calm', 'peaceful', 'serenity', 'world', 'high', 'dynamic', 'range', 'photographer', 'messenger', 'herald', 'metaphysics', 'fragments']"
93,20248,./mirflickr/im20248.jpg,"['2007', 'coffin', 'death', 'spirit', 'ghost', 'macabre', 'me', 'scary', 'frightened', 'frightening', 'fear', 'weird', 'gloomy', 'dark', 'fun', 'funny', 'humor', 'people', 'man', 'funeral', 'portrait', 'casket', 'manipulation', 'composite', 'cloned', 'park', 'preserve', 'forest', 'woods', 'forests', 'lawn', 'public']"
94,20383,./mirflickr/im20383.jpg,"['city', 'urban', 'color', 'may', '2007', 'spring', 'ca', 'patterns', 'shape', 'image', 'form', 'design', 'style', 'left', 'odd', 'unique', 'pink', 'blue', 'red', 'script', 'characters', 'letters', 'car', 'classic', 'rear', 'trunk', 'parked', 'favorites']"
95,20943,./mirflickr/im20943.jpg,"['downtown', 'buildings', 'work', 'lights', 'beautiful', 'pretty', 'colorful', 'fresh', 'dream', 'photo', 'photograph', 'photography', 'professional', 'technique', 'dynamic', 'world', 'fabulous', 'gorgeous', 'engaging', 'charming', 'stunning', 'art', 'divine', 'light', 'travel', 'foreign', 'international']"
96,21306,./mirflickr/im21306.jpg,"['color', 'may', '2007', 'suburbia', 'suburban', 'ca', 'traffic', 'road', 'roadway', 'driving', 'night', 'move', 'movement', 'moving', 'light', 'pm', 'drive', 'go', 'going', 'black', 'dark', 'evening', 'red', 'white', 'bus', 'morning', 'commuter', 'work', 'favorites']"
97,2136,./mirflickr/im2136.jpg,"['abandoned', 'house', 'farm', 'rural', 'family', 'loved', 'deserted', 'decay', 'deterioration', 'neglected', 'grand', 'home', 'forsaken', 'forgotten', 'disused', 'discarded', 'farming', 'farmhouse', 'exploration', 'dream', 'structure', 'throwaway', 'spring', 'secret', 'ruins', 'isolated', 'broken', 'explore']"
98,21845,./mirflickr/im21845.jpg,"['war', 'army', 'us', 'united', 'states', 'soccer', 'ball', 'military', 'soldier', 'freedom', 'operation', 'infantry', 'combat', '2007', 'stock', 'photo', 'library', 'digital', 'image', 'news', 'public', 'media', 'soliders', 'royalty', 'free']"
99,21900,./mirflickr/im21900.jpg,"['may', '2007', 'spring', 'car', 'van', 'blue', 'green', 'girl', 'picture', 'face', 'fingers', 'hand', 'painting', 'weird', 'strange', 'famous', 'singer', 'star', 'cute', 'interesting', 'explore']"
100,21993,./mirflickr/im21993.jpg,"['lake', 'biker', 'traveller', 'heaven', 'cool', 'blue', 'sky', 'clear', 'crystal', 'waters', 'travelling', 'august', 'bikers', 'adventure', 'challenge', 'beautiful', 'amazing', 'heavenly', 'awesome', 'wow', 'explore', 'interesting', 'map']"
101,2222,./mirflickr/im2222.jpg,"['figures', 'toy', 'toys', 'vintage', 'old', 'plastic', 'villain', 'sealed', 'comics', 'comic', 'book', 'super', '1980s', 'packaging', 'packaged', '334', 'figure', 'spider', 'man', 'green', 'collectibles']"
102,22254,./mirflickr/im22254.jpg,"['desk', 'clean', 'errand', 'rails', 'ruby', 'book', 'mouse', 'glow', 'kanji', 'lamp', 'chair', 'external', 'diary', 'sand', 'picture', 'samurai', 'red', 'white', 'wood', 'frame', 'cable', 'speakers', 'plant', 'water', 'glass']"
103,2228,./mirflickr/im2228.jpg,"['accident', 'dumb', 'bus', 'road', 'crash', 'crashed', 'smash', 'smack', 'license', 'tour', 'old', 'broken', 'wreck', 'danger', 'dangerous', 'barbed', 'wire', 'wine', 'lunch', 'drink', 'drinking', 'food', 'cuisine', 'autumn', 'leaves', 'red', 'orange', 'green', 'fall', 'table', 'pot', 'plant', 'eating', 'restaurant', 'grapes', 'chardonnay', 'rose', 'wood', 'aged', 'barrel', 'fine', 'view', 'cover']"
104,22298,./mirflickr/im22298.jpg,"['dog', 'cavalier', 'king', 'bath', 'wet', 'cute', 'adorable', 'baby', 'cutest', 'delicious', 'dogs', 'precious', 'lovable', 'sweet', 'puppies', 'snow', 'ice', 'cold', 'face', 'nose', 'eyes', 'sweetheart']"
105,22322,./mirflickr/im22322.jpg,"['fast', 'faster', 'rods', 'wicked', 'wild', 'steel', 'engines', 'blown', 'trucks', 'classics', 'wagons', 'drive', 'ford', 'chevy', 'paint', 'customs', 'race', 'cruise', 'gas', 'gears', 'crazy', 'chrome']"
106,22396,./mirflickr/im22396.jpg,"['farm', 'farmland', 'crate', 'crates', 'agriculture', 'field', 'harvest', 'harvesting', 'harvested', 'valley', 'hills', 'trees', 'steep', 'traffic', 'truck', 'highway', '156', 'july', '2006', 'afternoon', 'pickup', 'summer', 'summertime', 'babel', 'garlic']"
107,22414,./mirflickr/im22414.jpg,"['expressway', 'highway', 'road', 'traffic', 'drive', 'driving', 'roadway', 'ramp', 'exit', 'black', 'red', 'yellow', '580', 'freeway', 'urban', 'city', 'color', 'may', '2007', 'season', 'ca', 'dark', 'evening', 'pm', 'oak', 'overpass', 'speeding', 'speed', 'motion', 'favorites']"
108,22548,./mirflickr/im22548.jpg,"['abandoned', 'risk', 'streets', 'children', 'child', 'kid', 'kids', 'boy', 'boys', 'poverty', 'impoverished', 'underprivileged', 'community', 'hope', 'social', 'development', 'recuperation', 'prevention', 'drugs', 'altruism', 'gallery', 'press', 'publicity']"
109,22574,./mirflickr/im22574.jpg,"['bar', 'street', 'flower', 'decoration', 'light', 'color', 'out', 'drink', 'space', 'situation', 'abstract', 'detail', 'rebel', 'eye', 'tones', 'photo', 'world', 'photography', 'composition', 'contrast', 'shot', 'image']"
110,22692,./mirflickr/im22692.jpg,"['children', 'child', 'kid', 'kids', 'boy', 'boys', 'community', 'hope', 'social', 'risk', 'development', 'prevention', 'education', 'educational', 'support', 'altruism', 'poverty', 'impoverished', 'underprivileged', 'eyes', 'eyelashes', 'thoughts', 'thinking', 'peaceful', 'peace']"
111,22721,./mirflickr/im22721.jpg,"['lamp', 'casting', 'shadow', 'shield', 'excellence', 'coolest', 'postcard', 'image', 'camera', 'icon', 'images', 'photo', 'photography', 'photographer', 'photograph', 'world', 'digital', 'pixel', 'saturated', 'luck', 'lucky', 'surprise', 'find', 'search', 'original']"
112,22730,./mirflickr/im22730.jpg,"['ancient', 'chateau', 'castle', 'clouds', 'forest', 'garden', 'green', 'history', 'lane', 'lights', 'mountains', 'nature', 'renaissance', 'photo', 'ruins', 'sea', 'sky', 'sun', 'trees', 'village', 'walk']"
113,22831,./mirflickr/im22831.jpg,"['air', 'force', 'mountain', 'snow', 'beauty', 'planes', 'jet', 'fighter', 'mount', '2007', 'public', 'library', 'stock', 'photo', 'digital', 'image', 'news', 'military', 'us', 'media', 'environment', 'war', 'white', 'royalty', 'free']"
114,22890,./mirflickr/im22890.jpg,"['asleep', 'toddler', 'angel', 'devil', 'tired', 'el', 'ca', 'peace', 'light', 'joy', 'happiness', 'tranquil', 'quiet', 'calm', 'love', 'beautiful', 'eyelashes', 'eye', 'lashes', 'photo', 'closed', 'person']"
115,22903,./mirflickr/im22903.jpg,"['sky', 'blue', 'orange', 'yellow', 'colors', 'india', 'travel', 'travelling', 'explore', 'exploration', 'biker', 'clouds', 'shapes', 'landscape', 'nature', 'beauty', 'dark', 'sunset', 'colored', 'monuments', 'ancient', 'history', 'discover', 'challenge']"
116,2306,./mirflickr/im2306.jpg,"['architecture', 'architect', 'own', 'house', 'building', 'housing', 'modern', 'brick', 'masonry', 'landscape', 'landscaping', 'green', 'maison', 'wall', 'fir', 'tree', 'forest', 'clearing', 'particular', 'pared']"
117,23128,./mirflickr/im23128.jpg,"['waterfront', 'water', 'vivid', 'viewpoint', 'urban', 'trees', 'skyline', 'sky', 'sand', 'saturated', 'rocks', 'ridge', 'reflection', 'park', 'pacific', 'ocean', 'northwest', 'nature', 'mountain', 'horizon', 'dramatic', 'colors', 'clouds', 'city', 'boulders', 'boulder', 'blue', 'beach']"
118,23155,./mirflickr/im23155.jpg,"['war', 'soldier', 'military', 'public', 'library', 'middle', 'east', 'stock', 'photo', 'digital', 'image', 'news', 'us', 'media', 'soliders', 'architecture', 'space', 'architectural', 'design', 'royalty', 'free']"
119,23181,./mirflickr/im23181.jpg,"['travel', 'field', 'path', 'wheat', 'rice', 'village', 'plantation', 'track', 'trail', 'sky', 'harvest', 'reap', 'sow', 'hay', 'explore', 'lines', 'rural', 'interesting', 'yellow', 'gold', 'green', 'blue', 'agriculture']"
120,2323,./mirflickr/im2323.jpg,"['sky', 'skies', 'outside', 'outdoors', 'nighttime', 'night', 'location', 'lights', 'light', 'landscape', 'illuminated', 'illuminate', 'bright', 'sunset', 'cloud', 'clouds', 'sun', 'sunny', 'favorite', 'favorites', 'explore', 'explored']"
121,23235,./mirflickr/im23235.jpg,"['historic', 'forties', '40s', '1940s', 'classic', 'professional', 'homefront', 'documentary', 'propaganda', 'history', 'anthropology', 'film', 'museum', 'photographer', 'wartime', 'archives', 'us', 'patriotic', 'patriotism', 'vintage']"
122,23381,./mirflickr/im23381.jpg,"['historic', 'forties', '40s', '1940s', 'classic', 'professional', 'homefront', 'documentary', 'propaganda', 'history', 'anthropology', 'film', 'museum', 'photographer', 'wartime', 'archives', 'us', 'patriotic', 'patriotism', 'vintage']"
123,23416,./mirflickr/im23416.jpg,"['flying', 'firefighters', 'lake', 'water', 'red', 'blue', 'reflection', 'sky', 'clouds', 'size', 'huge', 'comparison', 'pilots', 'planes', 'bombers', 'airplanes', 'explore', 'scout', 'two', 'six', '2', '6']"
124,23466,./mirflickr/im23466.jpg,"['nature', 'colors', 'macro', 'turkey', 'yellow', 'spring', 'purple', 'plants', 'plant', 'park', 'landscape', 'green', 'grass', 'flowers', 'flower', 'colours', 'colour', 'color', 'bright', 'beautiful', 'art', '2007']"
125,23496,./mirflickr/im23496.jpg,"['breathtaking', 'beautiful', 'gorgeous', 'nice', 'sweet', 'cute', 'colours', 'macro', 'lens', 'd', 'night', 'shot', 'lovely', 'but', 'by', 'cars', 'cat', 'click', 'closeup', 'coolest', 'de', 'drop', 'en', 'english', 'enjoy', 'everything']"
126,23550,./mirflickr/im23550.jpg,"['dead', 'church', 'alabaster', 'next', 'husband', 'he', 'had', 'no', 'graffiti', 'still', 'she', 'looks', 'cool', 'man', 'looked', 'like', 'dork', 'collaboration', 'save', 'delete', 'explore']"
127,23629,./mirflickr/im23629.jpg,"['water', 'droplets', 'cd', 'spectrum', 'yellow', 'wonderful', 'violet', 'reflections', 'reflection', 'red', 'purple', 'perspective', 'green', 'blue', 'orange', 'macro', 'explore', 'details', 'detail', 'depth', 'creative', 'colors', 'color', 'closeup', 'beautiful', 'amazing', '43']"
128,23667,./mirflickr/im23667.jpg,"['d', '70', 'amazing', 'stunning', 'interesting', 'places', 'india', 'travel', 'landscape', 'blue', 'clouds', 'snow', 'river', 'nature', 'white', 'hills', 'elegance', 'biker', 'challenge', 'wow', 'endless', 'view']"
129,23849,./mirflickr/im23849.jpg,"['forest', 'nature', 'flora', 'green', 'tree', 'trees', 'art', 'magic', 'magical', 'fairy', 'tale', 'fun', 'dark', 'alone', 'jungle', 'scary', 'movie', 'council', 'evening', 'colors', 'color']"
130,24009,./mirflickr/im24009.jpg,"['self', 'outdoors', 'outside', 'portrait', 'me', 'face', 'color', 'blue', 'green', 'grass', 'sky', 'smile', 'smiling', 'hiding', 'hide', 'trees', 'explored', 'used', 'spring', 'nature']"
131,24039,./mirflickr/im24039.jpg,"['island', 'lights', 'nighttime', 'skyscrapers', 'night', 'buildings', 'glow', 'dusk', 'handheld', 'city', 'urban', 'sky', 'fog', 'ambient', 'light', 'vertical', 'architecture', 'channel', 'blue', 'violet', 'red', 'purple', 'clouds', 'silhouette', 'colors', 'colours']"
132,24175,./mirflickr/im24175.jpg,"['smooth', 'red', 'nature', 'macro', 'green', 'leaf', 'gradual', 'details', 'detail', 'depth', 'composition', 'colors', 'color', 'closeup', 'bug', 'blur', 'blurred', 'beautiful', 'animal', 'amazing', '43']"
133,24220,./mirflickr/im24220.jpg,"['garden', 'green', 'lawn', 'brown', 'bone', 'house', 'animal', 'animals', 'baby', 'home', 'interesting', 'portrait', 'recent', 'cute', 'dog', 'nature', 'explore', 'select', 'selected', 'best', 'wonderful', 'amazing', 'nice', 'beautiful', 'wow', 'awesome']"
134,24232,./mirflickr/im24232.jpg,"['bug', 'world', 'end', 'jump', 'smooth', 'green', 'red', 'profile', 'plant', 'leaf', 'nature', 'macro', 'light', 'explore', 'detail', 'composition', 'colors', 'color', 'closeup', 'blur', 'beautiful', 'animal', '43']"
135,24234,./mirflickr/im24234.jpg,"['heritage', 'home', 'shop', 'for', 'antiques', 'pieces', 'location', 'market', 'old', 'bazaar', 'heart', 'city', '400', 'd', 'lens', '24', '105', 'photographer', 'photo', 'art']"
136,24376,./mirflickr/im24376.jpg,"['home', 'daughter', 'portrait', 'face', 'people', 'tint', 'vintage', 'eyes', 'glance', 'stare', 'staring', 'expression', 'gaze', 'gazing', 'look', 'family', 'piano', 'closeup', 'dolce', 'sweet', 'smile']"
137,2467,./mirflickr/im2467.jpg,"['je', 'te', 'voir', 'french', 'singer', 'hip', 'pop', 'electronic', 'live', 'concert', 'crowd', 'people', 'hands', 'blue', 'opera', 'house', 'queen', 'street', 'village', 'digital', 'rebel', 'explore']"
138,24672,./mirflickr/im24672.jpg,"['lake', 'salt', 'water', 'blue', 'nature', 'landscape', 'clouds', 'mountains', 'hills', 'shadows', 'cold', 'chill', 'unbelievable', 'rich', 'god', 'heaven', 'stunning', 'wow', 'interesting', 'challenge', 'pure', 'hot', 'incredible', 'india', 'motorcycle', 'travel', 'travelling', 'biker', 'heart', 'traveller', 'september', '2006', 'painting']"
139,24724,./mirflickr/im24724.jpg,"['temple', 'nature', 'tree', 'leaf', 'red', 'wood', 'black', 'art', 'beautiful', '2007', 'branch', 'minimal', 'rusty', 'elemental', 'axis', 'meditation', 'present', 'inspiration', 'poetry', 'everything', 'purity', 'winter', 'explore', 'beauty']"
140,24920,./mirflickr/im24920.jpg,"['defense', 'military', 'war', '911', 'public', 'library', 'middle', 'east', 'stock', 'photo', 'digital', 'image', 'news', 'us', 'media', 'soldier', 'soliders', 'children', 'child', 'young', 'people', 'youth', 'royalty', 'free']"
141,24979,./mirflickr/im24979.jpg,"['forest', 'nature', 'flora', 'green', 'tree', 'trees', 'art', 'magic', 'magical', 'fairy', 'tale', 'couple', 'kiss', 'kissing', 'romance', 'romantic', 'love', 'fun', 'dark', 'alone', 'intimate', 'intimacy']"
142,24981,./mirflickr/im24981.jpg,"['antiwar', '2007', 'peace', 'war', 'veteran', 'violent', 'freedom', 'vigil', 'violence', 'street', 'riots', 'rally', 'rallies', 'protest', 'politics', 'police', 'occupation', 'marches', 'march', 'flag', 'fear', 'fascism', 'demonstration', 'bush', 'art', 'aggression', 'activist']"
143,2550,./mirflickr/im2550.jpg,"['future', 'systems', 'metropolis', 'tower', 'housing', 'architecture', 'water', 'facade', 'blue', 'concrete', 'panels', 'glass', 'balcony', 'curve', 'building', 'modern', 'modernist', 'house', 'maison', 'prefab']"
144,2622,./mirflickr/im2622.jpg,"['market', 'marketplace', 'trade', 'spice', 'nuts', 'window', 'glass', 'front', 'sign', 'poster', 'shopping', 'shopkeeper', 'sales', 'seller', 'price', 'tag', 'young', 'man', 'people', 'smile', 'easy', 'casual', 'relaxed', 'friendly', 'kind', 'mellow', 'pleasant', 'warm', 'amiable', 'customer', 'business', 'shop', 'booth', 'sack', 'light', 'energy', 'saving', 'lamp', 'bright', 'abundance', 'ample', 'plenty', 'bulk', 'produce', 'grocery', 'salesman', 'trader', 'salesperson']"
145,2725,./mirflickr/im2725.jpg,"['children', 'child', 'kid', 'kids', 'girl', 'girls', 'community', 'hope', 'social', 'risk', 'development', 'prevention', 'culture', 'cultural', 'education', 'educational', 'altruism', 'thoughts', 'thoughtful', 'thinking', 'change', 'friends', 'christian']"
146,2759,./mirflickr/im2759.jpg,"['white', 'flowers', 'television', 'series', 'farm', 'fruits', 'fruit', 'plantations', 'apples', 'pears', 'cherries', 'strawberries', 'church', 'landscape', 'village', 'green', 'nature', 'trees', 'decor', 'explore']"
147,2774,./mirflickr/im2774.jpg,"['children', 'child', 'kid', 'kids', 'boy', 'boys', 'girl', 'girls', 'community', 'hope', 'social', 'risk', 'poverty', 'development', 'prevention', 'outreach', 'education', 'educational', 'support', 'altruism', 'impoverished', 'underprivileged', 'change', 'happy', 'smiles', 'smiling', 'blue']"
148,2866,./mirflickr/im2866.jpg,"['china', 'skyscraper', 'most', 'insane', 'building', 'ever', 'worldwide', 'multiple', 'raw', 'loop', 'crazy', 'construction', 'site', 'high', 'definition', 'range', 'image', 'sunny', 'cloud', 'clear', 'digital']"
149,2868,./mirflickr/im2868.jpg,"['circuit', 'spider', 'mount', 'board', 'macro', 'bug', 'patterns', 'framing', 'labyrinth', 'detail', 'roundabout', 'magnification', 'architecture', 'real', 'virtual', 'thumbnail', 'www', 'technology', 'electronics', 'motherboard', 'miniature']"
150,2965,./mirflickr/im2965.jpg,"['duke', 'greenhouse', 'nature', 'beauty', 'horticulture', 'art', 'flower', 'plant', 'conservatory', 'garden', 'eyes', 'tears', 'environment', 'french', 'english', 'tropical', 'desert', 'colonial', 'sad', 'map', 'tourism', 'explored', 'destroyed', 'kid', 'girl', 'child', 'blond']"
151,3115,./mirflickr/im3115.jpg,"['midsummer', 'night', 'moon', 'blue', 'soft', 'fairy', 'pixie', 'shadows', 'light', 'glow', 'dark', 'trees', 'tree', 'leaves', 'leave', 'impressionist', 'impression', 'magical', 'magic', 'romantic', 'dream', 'dreaming', 'dreamy', 'eerie', 'obscured', 'obscure']"
152,3130,./mirflickr/im3130.jpg,"['rust', 'sky', 'streets', 'street', 'structure', 'urban', 'metro', 'industry', 'industrial', 'harbor', 'explore', 'exploration', 'detail', 'decay', 'culture', 'clouds', 'cloud', 'city', 'bridge', 'architecture', 'abandoned']"
153,3261,./mirflickr/im3261.jpg,"['urban', 'vintage', 'structure', 'streets', 'street', 'reflections', 'rust', 'metro', 'industrial', 'industry', 'bridge', 'freeway', 'freeways', 'explore', 'exploration', 'detail', 'decay', 'city', 'cloud', 'clouds', 'culture', 'beach', 'architecture', 'rainbow', 'harbor']"
154,3876,./mirflickr/im3876.jpg,"['architecture', 'brick', 'concrete', 'tower', 'urban', '2008', '1960s', 'glass', 'metal', 'brutal', 'modern', 'modernist', 'architect', 'build', 'building', 'buildings', 'cities', 'city', 'location', '1963', 'university', 'engineering']"
155,3956,./mirflickr/im3956.jpg,"['graphic', 'design', 'digital', 'art', 'flyer', 'color', 'manipulation', 'inspiration', 'turkey', 'visual', 'print', 'fine', 'lion', 'joint', 'weed', 'soccer', 'fish', 'tree', 'smile', 'acid', 'tank', 'man', 'woman']"
156,4080,./mirflickr/im4080.jpg,"['freak', 'makeup', 'wow', '3am', 'mornings', 'black', 'sheet', 'colorful', 'pink', 'blue', 'belle', 'model', 'old', 'mirror', 'room', 'fan', 'lights', 'flash', 'baby', 'computer', 'cook', 'evil']"
157,4150,./mirflickr/im4150.jpg,"['people', 'cold', 'winter', 'me', 'myself', 'i', 'portrait', 'visage', 'face', 'office', 'work', 'agency', 'op', 'chairs', 'design', 'reflection', 'window', 'mirror', 'pause', 'cigarette', 'smoke', 'smoking']"
158,4226,./mirflickr/im4226.jpg,"['kids', 'children', 'running', 'girl', 'boy', 'beach', 'run', 'race', 'fun', 'play', 'laughter', 'laugh', 'winning', 'family', 'explored', 'zoom', 'fast', '28', 'ex', 'people', 'human']"
159,4281,./mirflickr/im4281.jpg,"['boat', 'photographer', 'photography', 'travel', 'middle', 'east', 'love', 'emotion', 'honor', 'light', 'dark', 'dream', 'adventure', 'retrospect', 'journey', 'reflection', 'fountain', 'wisdom', 'solace', 'calm', 'peaceful', 'serenity', 'world', 'high', 'dynamic', 'range', 'messenger', 'herald', 'metaphysics', 'fragments']"
160,4397,./mirflickr/im4397.jpg,"['card', 'dread', 'bugbear', 'nightmare', 'horror', 'pale', 'fear', 'hate', 'old', 'scary', 'aversion', 'alarm', 'panic', 'agitation', 'trepidation', 'dismay', 'anxiety', 'worry', 'angst', 'unease', 'eerie', 'disturbing', 'sinister', 'weird', 'menacing', 'threatening', 'terror']"
161,4567,./mirflickr/im4567.jpg,"['sun', 'sunny', 'quote', 'song', 'beautiful', 'day', 'march', '2008', 'nice', 'clouds', 'blue', 'buildings', 'urban', 'downtown', 'heaven', 'just', 'for', 'fun', 'visual', 'overkill', 'heavy', 'editing', 'image']"
162,463,./mirflickr/im463.jpg,"['2008', 'city', 'travel', 'holiday', 'vacation', 'trip', 'time', 'mechanics', 'closeup', 'watch', 'clock', 'face', 'dial', 'numbers', 'seconds', 'minutes', 'hours', 'found', 'objects', 'explore']"
163,4767,./mirflickr/im4767.jpg,"['abandoned', 'risk', 'streets', 'children', 'child', 'kid', 'kids', 'boy', 'boys', 'poverty', 'impoverished', 'underprivileged', 'tragic', 'senseless', 'ruthless', 'murder', 'killing', 'death', 'community', 'hope', 'social', 'recuperation', 'prevention', 'drugs', 'altruism', 'pensive', 'reflective', 'contemplating', 'thoughts', 'memories', 'recovery']"
164,486,./mirflickr/im486.jpg,"['metal', 'gear', 'solid', 'melon', 'watermelon', 'vine', 'meandering', 'children', 'flea', 'shoots', 'seeds', 'leaves', 'forest', 'dark', 'tone', 'film', 'look', 'cinematic', 'shaky', 'amateur', 'hand', 'held', 'camera']"
165,4881,./mirflickr/im4881.jpg,"['wicked', 'engine', 'motors', 'customs', 'rods', 'wild', 'car', 'classics', 'speed', 'fast', 'faster', 'chrome', 'flames', 'mechanic', 'metal', 'fabrication', 'fabricate', 'shine', 'polish', 'reflections', 'garage', 'art', 'chopped', 'low', 'gears', 'wrench', 'mags', 'et', 'roadster', 'grind', 'machines', 'rides', 'big', 'torque', 'power']"
166,5186,./mirflickr/im5186.jpg,"['2008', 'horn', 'brass', 'fountain', 'spring', 'well', 'marketplace', 'statue', 'eerie', 'bronze', 'stone', 'detail', 'public', 'ocean', 'sea', 'blow', 'blowing', 'art', 'monochrome', 'blue', 'zoom', 'action', 'movement', 'granite', 'trumpet', 'motion', 'blurred', 'contemporary', 'mythology', 'sound', 'loud', 'vibrating', 'excellence', 'megaphone', 'explore']"
167,5233,./mirflickr/im5233.jpg,"['art', 'artistic', 'awesome', 'interesting', 'nice', 'great', 'shot', 'wonderful', 'light', 'day', 'summer', 'autumn', 'leaf', 'brown', 'purple', 'person', 'people', 'hair', 'black', 'blue', 'forest', 'tree', 'trees', 'macro', 'nature', 'city', 'season', 'something', 'special']"
168,5289,./mirflickr/im5289.jpg,"['orange', 'bag', 'pens', 'journal', 'buttons', 'badges', 'pins', 'books', 'gum', 'stride', 'wallet', 'cellphone', 'keys', 'red', 'yellow', 'blue', 'brown', 'white', 'pink', 'explore']"
169,5364,./mirflickr/im5364.jpg,"['office', 'work', 'workplace', 'space', 'room', '104', 'job', 'empty', 'after', 'hours', 'abandoned', 'interior', 'inside', 'architecture', 'studio', 'white', 'vignette', 'furniture', 'paper', 'papers', 'paperwork', 'walls', 'chair', 'chairs', 'table', 'tables', 'conference', 'board', 'shelf', 'shelves', 'order', 'disorder', 'chaos', 'ordered', 'tidy', 'computer', 'computers', 'monitor', 'monitors', 'screen', 'screens', 'design', 'designing', 'project', 'projects', '5']"
170,5372,./mirflickr/im5372.jpg,"['bird', 'jeweler', 'jewelry', 'shop', 'store', 'window', 'showcase', 'display', 'decoration', 'dead', 'dummy', 'mock', 'avian', 'flu', 'influenza', 'tot', 'ring', 'necklace', 'earring', 'prime', 'fun', 'mundane', 'collision', 'failure', 'fail']"
171,544,./mirflickr/im544.jpg,"['structure', 'neglected', 'deteriorating', 'brick', 'rustic', 'rural', 'old', 'house', 'home', 'forsaken', 'forgotten', 'farm', 'disused', 'discarded', 'dilapidated', 'deserted', 'deterioration', 'decay', 'abandoned', 'explore']"
172,5444,./mirflickr/im5444.jpg,"['book', 'mini', 'x', 'leopard', 'speakers', 'digital', 'optical', 'touch', 'mouse', 'mat', 'gaming', 'revolution', 'wireless', 'fish', 'western', 'hard', 'disk', 'external', 'firewire', 'phone', 'air', 'freshener', 'light', 'glass', 'led', 'colour', 'changing', 'remote', 'keyboard', 'dock', 'universal']"
173,5569,./mirflickr/im5569.jpg,"['challenge', 'explored', 'sport', 'sports', 'motorcycle', 'motorbike', 'bike', 'dirt', 'race', 'compete', 'competition', 'winning', 'win', 'lose', 'racing', 'zoom', 'fast', '28', 'ex', 'action', 'movement', 'people', 'human']"
174,5714,./mirflickr/im5714.jpg,"['dog', 'lab', 'eyes', 'snow', 'collar', 'nose', 'pet', 'smile', 'cute', 'outside', 'beam', 'grin', 'laugh', 'burn', 'flare', 'flash', 'glance', 'glimmer', 'glint', 'glisten', 'glitter', 'glow', 'shine']"
175,6193,./mirflickr/im6193.jpg,"['farm', 'ranch', 'cows', 'friends', 'family', 'happy', 'together', 'sunny', 'fields', 'green', 'grass', 'meadow', 'portrait', 'love', 'hope', 'peace', 'nature', 'we', 'hold', 'spring', 'peaceful', 'quiet']"
176,6309,./mirflickr/im6309.jpg,"['branches', 'wall', 'cream', 'shadow', 'sunshine', 'winter', 'stark', 'barren', 'lucid', 'mysterious', 'dreamlike', 'dream', 'yellow', 'tree', 'windows', 'narrow', 'dark', 'light', 'st', 'wood', 'road', 'city']"
177,6313,./mirflickr/im6313.jpg,"['new', 'bird', 'kid', 'feathers', 'beak', 'smile', 'eye', 'sitting', 'toys', 'handsome', 'orange', 'blue', 'green', 'ladder', 'hooks', 'gold', 'yellow', 'crest', 'crown', 'curious', 'spotted', 'red', 'nails', 'pose', 'avian', 'saturday', 'pet', 'young', 'cute', 'fresh', 'speckled', 'peek', 'wings', 'gray', 'couch', 'angle', 'smiling', 'pretty', 'face', 'youth', 'baby', 'hello', 'behind', 'colorful', 'name', 'contest', 'explore', '36', 'belly', 'tummy']"
178,661,./mirflickr/im661.jpg,"['dance', 'celebration', 'get', 'your', 'feet', 'applause', 'shaky', 'hand', 'held', 'camera', 'pan', 'jump', 'across', 'stage', 'monkey', 'but', 'cat', 'inspire', 'enthusiastic', 'spirit', 'loud', 'song', 'music']"
179,6698,./mirflickr/im6698.jpg,"['mountain', 'mountains', 'mount', 'mounts', 'hill', 'hills', 'down', 'downs', 'snow', 'winter', 'ski', 'snowboard', 'house', 'home', 'green', 'road', 'highway', 'roadway', 'brown', 'black', 'white', 'sky', 'blue', 'tree', 'trees', 'cover', 'roof', 'bonnet', 'scent', 'rut', 'relic', 'print', 'jot', 'stamp', 'streak', 'window', 'windows', 'rock', 'rocks', 'landscape', 'plane', 'planes', 'smooth', 'great', 'nice', 'lovely', 'wonderful', 'awesome', 'shot']"
180,6822,./mirflickr/im6822.jpg,"['aged', 'rural', 'old', 'house', 'countryside', 'village', 'mountain', 'sunlight', 'tree', 'door', 'window', 'wall', 'stone', 'street', 'ancient', 'decay', 'rustic', 'memories', 'sky', 'fields', 'clouds', 'vintage']"
181,6849,./mirflickr/im6849.jpg,"['wicked', 'engine', 'motors', 'customs', 'rods', 'wild', 'car', 'classics', 'speed', 'fast', 'faster', 'chrome', 'flames', 'mechanic', 'metal', 'fabrication', 'fabricate', 'shine', 'polish', 'reflections', 'garage', 'art', 'chopped', 'low', 'gears', 'wrench', 'mags', 'et', 'roadster', 'grind', 'machines', 'rides', 'big', 'torque', 'power', 'top', 'fuel']"
182,691,./mirflickr/im691.jpg,"['temple', 'pretty', 'reflection', 'pink', 'blue', 'green', 'flower', 'flowers', 'color', 'plants', 'photosynthesis', 'stem', 'shot', 'water', 'macro', 'zoom', 'landscape', 'sky', 'sun', 'yellow', 'leaf', 'window', 'wedding', 'married', 'marriage', 'white', 'sacred', 'church', 'jesus', 'latter', 'saints']"
183,694,./mirflickr/im694.jpg,"['church', 'park', 'evening', 'cloudy', 'dark', 'dangerous', 'fear', 'atmosphere', 'weather', 'cold', 'winds', 'strong', 'impact', 'holidays', 'traveling', 'photography', 'colors', 'path', 'bench', 'peace', 'quiet', 'wide', 'location', 'views', 'nature', 'landscape']"
184,6964,./mirflickr/im6964.jpg,"['wicked', 'engine', 'motors', 'customs', 'rods', 'wild', 'car', 'classics', 'speed', 'fast', 'faster', 'chrome', 'flames', 'mechanic', 'metal', 'fabrication', 'fabricate', 'shine', 'polish', 'reflections', 'garage', 'art', 'chopped', 'low', 'gears', 'wrench', 'mags', 'et', 'roadster', 'grind', 'machines', 'rides', 'big', 'torque', 'power', 'top', 'fuel']"
185,7041,./mirflickr/im7041.jpg,"['self', 'closeup', 'what', 'are', 'you', 'wearing', 'today', 'pool', 'portrait', 'human', 'me', 'myself', 'i', 'wear', 'clothes', 'harder', 'better', 'faster', 'stronger', 'shirt', 'lyrics', 'type']"
186,7141,./mirflickr/im7141.jpg,"['abandoned', 'risk', 'streets', 'children', 'child', 'kid', 'kids', 'boy', 'boys', 'poverty', 'impoverished', 'underprivileged', 'tragic', 'senseless', 'ruthless', 'murder', 'killing', 'death', 'community', 'hope', 'social', 'recuperation', 'prevention', 'drugs', 'altruism']"
187,745,./mirflickr/im745.jpg,"['window', 'clean', 'cleaner', 'work', 'view', 'man', 'working', 'cleaning', 'clear', 'dirt', 'sunlight', 'liquid', 'scrub', 'building', 'office', 'studio', 'advertising', 'design', 'observatory', 'super', 'remote', 'gradient', 'color', 'colour', 'putz', 'lines', 'contrast', 'contrasting', 'eyes']"
188,7489,./mirflickr/im7489.jpg,"['jumbo', 'airline', 'aircraft', 'plane', 'airplane', 'jet', 'aviation', 'cloud', 'sky', 'airport', 'takeoff', 'departure', 'start', 'unique', 'dramatic', 'urban', 'traffic', 'monochrome', 'minimal', 'minimalism', 'prime', 'field', 'suburbs', 'suburban', 'suburbia', 'climbing', 'leaving']"
189,7498,./mirflickr/im7498.jpg,"['move', 'moving', 'packing', 'box', 'cardboard', 'coworkers', 'colleagues', 'colleague', 'window', 'cathedral', 'carpet', 'green', 'blue', 'pink', 'white', 'office', 'work', 'fun', 'silly', 'laugh', 'laughing']"
190,7755,./mirflickr/im7755.jpg,"['structure', 'downtown', 'architecture', 'geometry', 'building', 'dirty', 'empty', 'abandoned', 'lonely', 'city', 'urban', 'gray', 'concrete', 'litter', 'pillars', 'grid', 'bag', 'lays', 'chips', 'vacant', 'deserted', 'beautiful']"
191,8259,./mirflickr/im8259.jpg,"['windy', 'wind', 'portrait', 'beach', 'fly', 'kid', 'girl', 'hair', 'people', 'children', 'play', 'fun', 'seashore', 'travel', 'vacation', 'zoom', 'cinematic', 'explore', 'explored', 'fast', '28', 'ex', 'action', 'movement', 'human']"
192,8299,./mirflickr/im8299.jpg,"['cloud', 'edit', 'explosion', 'exposure', 'gamma', 'fat', 'adjustment', 'cool', 'big', 'huge', 'god', 'hot', 'warm', 'clouds', 'cake', 'real', 'noise', 'weather', 'sky', 'ciel', 'nature']"
193,8303,./mirflickr/im8303.jpg,"['wicked', 'engine', 'motors', 'customs', 'rods', 'wild', 'car', 'classics', 'speed', 'fast', 'faster', 'chrome', 'flames', 'mechanic', 'metal', 'fabrication', 'fabricate', 'shine', 'polish', 'reflections']"
194,8593,./mirflickr/im8593.jpg,"['sun', 'park', 'playing', 'summer', 'beautiful', 'pretty', 'colorful', 'fresh', 'dream', 'photo', 'photograph', 'photography', 'professional', 'technique', 'dynamic', 'world', 'fabulous', 'gorgeous', 'engaging', 'charming', 'stunning', 'art', 'divine', 'light', 'travel', 'foreign', 'international']"
195,8686,./mirflickr/im8686.jpg,"['tree', 'jesus', 'hotel', 'downtown', 'marble', 'columns', 'beautiful', 'pretty', 'colorful', 'fresh', 'dream', 'photo', 'photograph', 'photography', 'professional', 'technique', 'dynamic', 'world', 'fabulous', 'gorgeous', 'engaging', 'charming', 'stunning', 'art', 'divine', 'light', 'travel', 'foreign', 'international']"
196,8920,./mirflickr/im8920.jpg,"['rose', 'macro', 'pink', 'red', 'grey', 'cold', 'winter', 'equinox', 'blue', 'green', 'stem', 'plant', 'flower', 'bud', 'season', 'morning', 'walk', 'neighbourhood', 'rain', 'drop', 'droplets', 'weather', 'petals', 'opening', 'explore']"
197,9016,./mirflickr/im9016.jpg,"['child', 'girl', 'rebel', '135', 'fixed', 'focal', 'length', 'flash', 'white', 'card', 'gel', 'prodigy', '9', 'year', 'old', 'pro', 'professional', 'photographer', 'kid', 'explore']"
198,9063,./mirflickr/im9063.jpg,"['winter', 'snow', 'storm', 'snowstorm', 'rainstorm', 'clouds', 'mountains', 'beautiful', 'pretty', 'colorful', 'fresh', 'dream', 'photo', 'photograph', 'photography', 'professional', 'technique', 'dynamic', 'world', 'fabulous', 'gorgeous', 'engaging', 'charming', 'stunning', 'art', 'divine', 'light', 'travel', 'foreign', 'international']"
199,9371,./mirflickr/im9371.jpg,"['bicycle', 'blur', 'oregon', 'motion', 'bike', 'bridge', 'surreal', 'explore', '37', 'explored', 'blurry', 'interesting', 'messenger', 'night', 'light', 'helmet', '54', 'northwest', 'panning', 'candid']"
200,9687,./mirflickr/im9687.jpg,"['public', '2007', 'snow', 'shovel', 'red', 'working', 'worker', 'workers', 'people', 'work', 'clothing', 'hat', 'equipment', 'tool', 'cold', 'frigid', 'freezing', 'funny', 'humor', 'humorous', 'fun', 'hilarious', 'happy', 'happiness', 'joy', 'joyful', 'holiday', 'suburbs', 'suburban', 'me', 'portrait', 'house', 'home', 'winter', 'old', 'beard']"
201,9952,./mirflickr/im9952.jpg,"['light', 'woman', 'silhouette', 'bike', 'bicycle', 'pavement', 'road', 'colour', 'shadow', 'reflection', 'morning', 'sun', 'bright', 'shop', 'shopping', 'shoes', 'hair', 'halo', 'flare', 'exposure', 'dark']"
